Latitude,Longitude,Time
39.960389,116.349996,2025-06-28 02:38:48.006000+00:00
39.9603838,116.34995085,2025-06-28 02:47:19+00:00
39.960379,116.350208,2025-06-28 03:21:28.188000+00:00
39.96096335,116.34980776,2025-06-28 03:22:29+00:00
39.96093715,116.34996991,2025-06-28 03:22:59+00:00
39.96208517,116.35099494,2025-06-28 03:23:59+00:00
39.96328489,116.35085011,2025-06-28 03:24:29+00:00
39.96367074,116.35132075,2025-06-28 03:24:59+00:00
39.96376112,116.35383592,2025-06-28 03:25:29+00:00
39.96404021,116.35447695,2025-06-28 03:25:59+00:00
39.96403688,116.35455428,2025-06-28 03:28:09+00:00
39.96401494,116.35456324,2025-06-28 03:28:39+00:00
39.96402767,116.35458832,2025-06-28 03:29:09+00:00
39.96404112,116.35460688,2025-06-28 03:29:39+00:00
39.96403152,116.35464236,2025-06-28 03:30:09+00:00
39.96392972,116.35458778,2025-06-28 03:30:39+00:00
39.96255378,116.35476092,2025-06-28 03:31:09+00:00
39.96109346,116.35471174,2025-06-28 03:31:39+00:00
39.96101642,116.35306858,2025-06-28 03:32:09+00:00
39.96160737,116.3525545,2025-06-28 03:32:39+00:00
39.96173236,116.35285662,2025-06-28 03:33:09+00:00
39.96166784,116.35280152,2025-06-28 03:36:51+00:00
39.96247331,116.35205601,2025-06-28 03:38:21+00:00
39.96325905,116.35052784,2025-06-28 03:39:21+00:00
39.96321031,116.35044902,2025-06-28 03:39:51+00:00
39.96324325,116.35016227,2025-06-28 04:22:36+00:00
39.96321962,116.34988786,2025-06-28 05:08:37+00:00
39.96325801,116.34951242,2025-06-28 05:09:07+00:00
39.96325642,116.35000942,2025-06-28 05:47:11+00:00
39.96320224,116.35016693,2025-06-28 06:34:24+00:00
39.96320845,116.35052202,2025-06-28 06:34:54+00:00
39.96240295,116.3509519,2025-06-28 06:35:24+00:00
39.96103639,116.35106817,2025-06-28 06:35:54+00:00
39.96040676,116.35072688,2025-06-28 06:36:24+00:00
39.96040194,116.35041042,2025-06-28 06:36:54+00:00
39.96048238,116.35018802,2025-06-28 06:37:24+00:00
39.96052778,116.34990761,2025-06-28 06:39:36+00:00
39.96038832,116.34993514,2025-06-28 08:03:10+00:00
39.96038874,116.35034376,2025-06-28 09:23:52+00:00
39.96081282,116.35105241,2025-06-28 09:24:22+00:00
39.96095165,116.35212801,2025-06-28 09:24:52+00:00
39.96155122,116.35250788,2025-06-28 09:25:22+00:00
39.96176239,116.35279437,2025-06-28 09:25:52+00:00
39.96246516,116.35165902,2025-06-28 09:28:39+00:00
39.96318089,116.35090156,2025-06-28 09:29:09+00:00
39.9636274,116.35089843,2025-06-28 09:29:39+00:00
39.96363541,116.35184422,2025-06-28 09:30:09+00:00
39.96376194,116.35447929,2025-06-28 09:30:39+00:00
39.96402769,116.35460801,2025-06-28 09:31:50+00:00
39.963789,116.354433,2025-06-28 09:32:04.025000+00:00
39.96369314,116.35164426,2025-06-28 09:32:35+00:00
39.96361354,116.35083761,2025-06-28 09:33:05+00:00
39.96355441,116.35058758,2025-06-28 09:33:35+00:00
39.96309669,116.35008947,2025-06-28 09:34:05+00:00
39.96314828,116.35028332,2025-06-28 09:34:35+00:00
39.963162,116.350014,2025-06-28 09:35:58.966000+00:00
39.963215,116.350357,2025-06-28 09:38:35.666000+00:00
39.963219,116.350333,2025-06-28 09:39:07.488000+00:00
39.96321668,116.35007806,2025-06-28 10:31:53+00:00
39.96307423,116.35037975,2025-06-28 11:18:31+00:00
39.96239228,116.35117161,2025-06-28 11:19:01+00:00
39.96252388,116.35178196,2025-06-28 11:19:31+00:00
39.96255122,116.35179953,2025-06-28 11:20:01+00:00
39.96249151,116.35104745,2025-06-28 11:20:31+00:00
39.96095805,116.35100357,2025-06-28 11:21:01+00:00
39.96040603,116.35022256,2025-06-28 11:21:31+00:00
39.960391,116.350201,2025-06-28 11:22:01.420000+00:00
39.96041758,116.34991954,2025-06-28 11:43:35+00:00
39.96030393,116.35019486,2025-06-28 12:03:05+00:00
39.96219594,116.35104284,2025-06-28 12:04:05+00:00
39.96278285,116.35136577,2025-06-28 12:04:35+00:00
39.96299581,116.35167898,2025-06-28 12:05:05+00:00
39.96216876,116.35241726,2025-06-28 12:05:35+00:00
39.96106255,116.35238085,2025-06-28 12:06:05+00:00
39.9609474,116.35361119,2025-06-28 12:06:35+00:00
39.96095801,116.3546266,2025-06-28 12:07:05+00:00
39.95835377,116.35494769,2025-06-28 12:08:35+00:00
39.95679668,116.35501367,2025-06-28 12:09:05+00:00
39.95650593,116.35596381,2025-06-28 12:09:35+00:00
39.95650172,116.3576031,2025-06-28 12:10:05+00:00
39.95647622,116.35929985,2025-06-28 12:10:35+00:00
39.9564707,116.36046283,2025-06-28 12:11:05+00:00
39.95651832,116.36045545,2025-06-28 12:11:35+00:00
39.95684223,116.36029114,2025-06-28 12:12:05+00:00
39.95676231,116.36035006,2025-06-28 12:12:35+00:00
39.95688422,116.36046223,2025-06-28 12:13:05+00:00
39.95724439,116.36048523,2025-06-28 12:13:35+00:00
39.95749013,116.36045245,2025-06-28 12:14:05+00:00
39.95778966,116.36041073,2025-06-28 12:14:35+00:00
39.9579653,116.36012383,2025-06-28 12:15:05+00:00
39.9579742,116.35963766,2025-06-28 12:15:35+00:00
39.95799778,116.35912136,2025-06-28 12:16:05+00:00
39.95803255,116.35806236,2025-06-28 12:17:05+00:00
39.9581127,116.35759151,2025-06-28 12:17:35+00:00
39.95813511,116.35741267,2025-06-28 12:18:05+00:00
39.95808591,116.35741212,2025-06-28 12:18:35+00:00
39.95802911,116.35797671,2025-06-28 12:20:37+00:00
39.95799427,116.3582867,2025-06-28 13:45:49.410000+00:00
39.95789654,116.36001772,2025-06-28 13:47:50+00:00
39.95784039,116.36042282,2025-06-28 13:48:20+00:00
39.95752386,116.36041902,2025-06-28 13:48:50+00:00
39.9572156,116.36041723,2025-06-28 13:49:20+00:00
39.95685976,116.36043214,2025-06-28 13:49:50+00:00
39.95675807,116.36022617,2025-06-28 13:50:20+00:00
39.95673122,116.36011589,2025-06-28 13:50:50+00:00
39.9567063,116.35872545,2025-06-28 13:51:20+00:00
39.95671999,116.35605658,2025-06-28 13:51:50+00:00
39.95799412,116.35514597,2025-06-28 13:52:20+00:00
39.96057155,116.35504609,2025-06-28 13:52:50+00:00
39.96099437,116.35262021,2025-06-28 13:53:50+00:00
39.96243849,116.35244671,2025-06-28 13:54:20+00:00
39.96279957,116.35145404,2025-06-28 13:55:20+00:00
39.96275493,116.35145033,2025-06-28 13:55:50+00:00
39.962784,116.351115,2025-06-28 14:05:11.168000+00:00
39.96252592,116.35144915,2025-06-28 14:09:01+00:00
39.96201997,116.35085317,2025-06-28 14:09:31+00:00
39.962035,116.350213,2025-06-28 14:12:25.045000+00:00
39.96197002,116.3500718,2025-06-28 14:15:05+00:00
39.96315656,116.35005881,2025-06-28 14:16:35+00:00
39.963242,116.350281,2025-06-28 15:23:32.934000+00:00
39.96327117,116.34975166,2025-06-28 16:37:11+00:00
39.96329982,116.34944938,2025-06-28 16:37:41+00:00
39.96324257,116.3501722,2025-06-28 19:58:46+00:00
39.9627949,116.35003062,2025-06-28 23:30:59+00:00
39.96243201,116.35162974,2025-06-28 23:31:29+00:00
39.96256974,116.35193219,2025-06-28 23:31:59+00:00
39.96257327,116.35193967,2025-06-28 23:32:29+00:00
39.96242687,116.35096171,2025-06-28 23:33:29+00:00
39.96241442,116.35096461,2025-06-28 23:33:59+00:00
39.96325637,116.35089853,2025-06-28 23:34:29+00:00
39.96361022,116.35152463,2025-06-28 23:34:59+00:00
39.96369371,116.35468686,2025-06-28 23:35:29+00:00
39.9657791,116.35485698,2025-06-28 23:35:59+00:00
39.96608329,116.35779634,2025-06-28 23:36:29+00:00
39.96605751,116.36080004,2025-06-28 23:36:59+00:00
39.96614546,116.36387068,2025-06-28 23:37:59+00:00
39.96625093,116.36688384,2025-06-28 23:38:29+00:00
39.96642312,116.37056281,2025-06-28 23:38:59+00:00
39.9665755,116.37477129,2025-06-28 23:39:31+00:00
39.96662051,116.37806667,2025-06-28 23:40:01+00:00
39.96668354,116.38140584,2025-06-28 23:40:31+00:00
39.96677328,116.38485068,2025-06-28 23:41:01+00:00
39.96694413,116.38888447,2025-06-28 23:41:31+00:00
39.96667339,116.3887318,2025-06-28 23:42:01+00:00
39.96890914,116.38860553,2025-06-28 23:42:31+00:00
39.97183846,116.38840934,2025-06-28 23:43:01+00:00
39.97480166,116.38823832,2025-06-28 23:43:31+00:00
39.97786415,116.38861885,2025-06-28 23:44:31+00:00
39.97981316,116.38885809,2025-06-28 23:45:01+00:00
39.97991131,116.3892582,2025-06-28 23:45:31+00:00
39.97980754,116.38970583,2025-06-28 23:46:01+00:00
39.97967237,116.38990408,2025-06-28 23:46:31.417000+00:00
39.97966237,116.38953189,2025-06-28 23:47:33+00:00
39.97966208,116.38952926,2025-06-28 23:48:03+00:00
39.97967077,116.38955034,2025-06-29 01:03:20+00:00
39.97996062,116.38928591,2025-06-29 02:20:43+00:00
39.97987594,116.38874239,2025-06-29 02:21:13+00:00
39.98084974,116.38847126,2025-06-29 02:21:43+00:00
39.98109821,116.38840915,2025-06-29 02:22:13+00:00
39.98112155,116.38762756,2025-06-29 02:22:43+00:00
39.98031007,116.38696137,2025-06-29 02:23:13+00:00
39.97891272,116.38703923,2025-06-29 02:23:43+00:00
39.97623051,116.38722934,2025-06-29 02:24:43+00:00
39.97399101,116.38783154,2025-06-29 02:27:13+00:00
39.97245294,116.38790249,2025-06-29 02:27:43+00:00
39.97085407,116.38800167,2025-06-29 02:28:13+00:00
39.96920315,116.38808649,2025-06-29 02:28:43+00:00
39.96779048,116.38776324,2025-06-29 02:29:13+00:00
39.96740806,116.38582838,2025-06-29 02:29:43+00:00
39.96724795,116.3837474,2025-06-29 02:30:13+00:00
39.9671954,116.38154571,2025-06-29 02:30:43+00:00
39.96718914,116.37716369,2025-06-29 02:31:43+00:00
39.96696789,116.37241807,2025-06-29 02:32:43+00:00
39.96694179,116.369902,2025-06-29 02:33:13+00:00
39.96688639,116.3674067,2025-06-29 02:33:43+00:00
39.96690568,116.36502796,2025-06-29 02:34:13+00:00
39.96673317,116.3623662,2025-06-29 02:35:13+00:00
39.9666777,116.3599913,2025-06-29 02:35:43+00:00
39.96664772,116.35763599,2025-06-29 02:36:13+00:00
39.96665541,116.35490216,2025-06-29 02:36:43+00:00
39.96640915,116.35337796,2025-06-29 02:37:13+00:00
39.96608195,116.35263007,2025-06-29 02:37:43+00:00
39.9661292,116.35410273,2025-06-29 02:38:13+00:00
39.96383583,116.35470056,2025-06-29 02:39:13+00:00
39.96223716,116.35479554,2025-06-29 02:39:43+00:00
39.96107572,116.35472214,2025-06-29 02:40:13+00:00
39.96100371,116.35323859,2025-06-29 02:40:43+00:00
39.96094206,116.35123792,2025-06-29 02:41:13+00:00
39.96090787,116.35015935,2025-06-29 02:41:43+00:00
39.96095804,116.34972835,2025-06-29 02:42:13+00:00
39.9608771,116.34993015,2025-06-29 02:42:43+00:00
39.96200476,116.35005991,2025-06-29 02:43:13+00:00
39.96324412,116.34996551,2025-06-29 02:44:13+00:00
39.96320152,116.34995819,2025-06-29 02:47:46+00:00
39.96319434,116.35001303,2025-06-29 02:49:16+00:00
39.96313958,116.34983948,2025-06-29 02:52:55+00:00
39.96288036,116.35094635,2025-06-29 02:53:25+00:00
39.96267707,116.35140598,2025-06-29 02:53:55+00:00
39.96104446,116.35100281,2025-06-29 02:54:25+00:00
39.9609156,116.34980968,2025-06-29 02:54:55+00:00
39.96096841,116.34990806,2025-06-29 02:55:55+00:00
39.96094122,116.34979912,2025-06-29 02:56:25+00:00
39.96022245,116.3492873,2025-06-29 02:56:55+00:00
39.96011359,116.34930743,2025-06-29 02:57:25+00:00
39.95891321,116.35111717,2025-06-29 02:58:25+00:00
39.95783143,116.3511628,2025-06-29 02:58:55+00:00
39.95706063,116.3516513,2025-06-29 02:59:25+00:00
39.95675087,116.35089223,2025-06-29 02:59:55+00:00
39.9568087,116.34923439,2025-06-29 03:00:25+00:00
39.95681418,116.34921572,2025-06-29 03:00:55+00:00
39.95688892,116.34806389,2025-06-29 03:01:25+00:00
39.95686849,116.34587989,2025-06-29 03:01:55+00:00
39.9569325,116.34310996,2025-06-29 03:02:25+00:00
39.95696609,116.34076746,2025-06-29 03:02:55+00:00
39.95772722,116.33972136,2025-06-29 03:03:25+00:00
39.95947398,116.33876841,2025-06-29 03:03:55+00:00
39.96100002,116.3372132,2025-06-29 03:04:25+00:00
39.9630982,116.33446232,2025-06-29 03:05:25+00:00
39.96255316,116.33441323,2025-06-29 03:05:55+00:00
39.962553,116.33440137,2025-06-29 03:06:25+00:00
39.96265115,116.33344525,2025-06-29 03:13:04+00:00
39.96267646,116.33345759,2025-06-29 03:13:34+00:00
39.96274358,116.33348155,2025-06-29 03:55:06+00:00
39.96272244,116.33351658,2025-06-29 04:15:50+00:00
39.96260224,116.33445414,2025-06-29 04:17:59+00:00
39.96263545,116.33449049,2025-06-29 04:18:29+00:00
39.96256558,116.33450178,2025-06-29 04:18:59+00:00
39.96258048,116.33446783,2025-06-29 04:19:29+00:00
39.9625402,116.33445013,2025-06-29 04:19:59+00:00
39.96320756,116.33412122,2025-06-29 04:20:59+00:00
39.96470722,116.33339568,2025-06-29 04:21:29+00:00
39.96604043,116.33326636,2025-06-29 04:21:59+00:00
39.96608295,116.33504819,2025-06-29 04:22:29+00:00
39.9660912,116.33739389,2025-06-29 04:22:59+00:00
39.96611491,116.33995961,2025-06-29 04:23:29+00:00
39.96612155,116.34239889,2025-06-29 04:23:59+00:00
39.96616206,116.34516073,2025-06-29 04:24:29+00:00
39.96618816,116.34790886,2025-06-29 04:24:59+00:00
39.96613265,116.35072513,2025-06-29 04:25:29+00:00
39.96614819,116.35360897,2025-06-29 04:25:59+00:00
39.96506482,116.35471814,2025-06-29 04:26:29+00:00
39.963865,116.35470116,2025-06-29 04:26:59+00:00
39.96374124,116.35276388,2025-06-29 04:27:29+00:00
39.9634978,116.35087488,2025-06-29 04:28:29+00:00
39.96348815,116.3508612,2025-06-29 04:28:59+00:00
39.96349888,116.35085992,2025-06-29 04:29:29+00:00
39.96350069,116.35086432,2025-06-29 04:29:59+00:00
39.96243656,116.35006393,2025-06-29 04:31:59+00:00
39.96238888,116.34994885,2025-06-29 04:32:29+00:00
39.96158739,116.35009682,2025-06-29 04:32:59+00:00
39.9609514,116.34971607,2025-06-29 04:33:29+00:00
39.96089687,116.35025787,2025-06-29 04:33:59+00:00
39.96150021,116.35105545,2025-06-29 04:34:29+00:00
39.96255057,116.35140667,2025-06-29 04:34:59+00:00
39.96287301,116.35137689,2025-06-29 04:35:29+00:00
39.9628186,116.35139863,2025-06-29 04:35:59+00:00
39.96278639,116.3513999,2025-06-29 04:43:29+00:00
39.96293632,116.35138004,2025-06-29 04:52:12+00:00
39.96311351,116.35092573,2025-06-29 04:52:42+00:00
39.963231,116.35087426,2025-06-29 04:55:12+00:00
39.96327156,116.35039298,2025-06-29 04:57:42+00:00
39.96326584,116.3492433,2025-06-29 05:02:50+00:00
39.96322537,116.3493298,2025-06-29 07:55:07+00:00
39.96312163,116.34986345,2025-06-29 10:08:55.418000+00:00
39.96311967,116.35044416,2025-06-29 10:09:26+00:00
39.96347231,116.35088514,2025-06-29 10:09:56+00:00
39.96356024,116.35113162,2025-06-29 10:10:26+00:00
39.96355127,116.35119923,2025-06-29 10:10:56+00:00
39.96355197,116.35099635,2025-06-29 10:11:26+00:00
39.96351724,116.35083378,2025-06-29 10:11:56+00:00
39.96036684,116.35096407,2025-06-29 10:12:56+00:00
39.96047291,116.34991736,2025-06-29 10:14:02+00:00
39.96041329,116.34992382,2025-06-29 10:14:32+00:00
39.96247141,116.35000662,2025-06-29 11:12:45+00:00
39.96036576,116.35026717,2025-06-29 12:12:50+00:00
39.96200045,116.35100185,2025-06-29 12:13:50+00:00
39.9628384,116.35079648,2025-06-29 12:14:20+00:00
39.96285355,116.35043204,2025-06-29 12:14:50+00:00
39.9618767,116.35096777,2025-06-29 12:15:20+00:00
39.96094051,116.35209561,2025-06-29 12:15:50+00:00
39.96097779,116.35460795,2025-06-29 12:16:20+00:00
39.95909634,116.35495741,2025-06-29 12:16:50+00:00
39.95653628,116.35504774,2025-06-29 12:17:20+00:00
39.95648954,116.36000928,2025-06-29 12:18:20+00:00
39.95648086,116.36247894,2025-06-29 12:18:50+00:00
39.95647422,116.36455732,2025-06-29 12:19:20+00:00
39.95525682,116.36478731,2025-06-29 12:19:50+00:00
39.95388504,116.36493133,2025-06-29 12:20:20+00:00
39.95206506,116.36507619,2025-06-29 12:20:50+00:00
39.95153443,116.36506877,2025-06-29 12:21:20+00:00
39.95153983,116.36504494,2025-06-29 12:21:50+00:00
39.95174883,116.36448736,2025-06-29 13:46:37+00:00
39.95170301,116.36480805,2025-06-29 15:00:06+00:00
39.95143404,116.36503216,2025-06-29 15:00:36+00:00
39.95129885,116.36174592,2025-06-29 15:01:36+00:00
39.95123313,116.35999721,2025-06-29 15:02:06+00:00
39.95115347,116.35806787,2025-06-29 15:02:36+00:00
39.95108863,116.35605416,2025-06-29 15:03:06+00:00
39.95215977,116.35536499,2025-06-29 15:03:36+00:00
39.95359463,116.35531621,2025-06-29 15:04:06+00:00
39.95406404,116.35533744,2025-06-29 15:04:36+00:00
39.95595877,116.35523413,2025-06-29 15:05:36+00:00
39.95810001,116.35514828,2025-06-29 15:06:36+00:00
39.95933275,116.35511324,2025-06-29 15:07:06+00:00
39.96053895,116.35505928,2025-06-29 15:07:36+00:00
39.96108526,116.35434093,2025-06-29 15:08:06+00:00
39.96098084,116.3518062,2025-06-29 15:09:06+00:00
39.96128974,116.35106325,2025-06-29 15:09:36+00:00
39.96225242,116.35098392,2025-06-29 15:10:06+00:00
39.96318666,116.35059172,2025-06-29 15:11:36+00:00
39.96324447,116.35058435,2025-06-29 15:12:06+00:00
39.96325925,116.35056894,2025-06-29 15:12:36+00:00
39.96328925,116.35063041,2025-06-29 15:14:06+00:00
39.96329236,116.34931879,2025-06-29 15:16:14+00:00
39.96329722,116.34936406,2025-06-29 15:16:44+00:00
39.96333649,116.34957687,2025-06-29 15:25:36+00:00
39.96322668,116.3495343,2025-06-29 15:47:27+00:00
39.963274,116.350353,2025-06-29 15:52:07.748000+00:00
39.96332651,116.34965757,2025-06-29 18:04:14+00:00
39.96317072,116.34934489,2025-06-29 18:40:41+00:00
39.96318856,116.34921788,2025-06-29 18:41:11+00:00
39.96334385,116.34918194,2025-06-29 18:56:41+00:00
39.96318054,116.34971872,2025-06-29 19:11:41+00:00
39.9631496,116.34981214,2025-06-29 19:12:11+00:00
39.9633455,116.34937253,2025-06-29 20:33:11+00:00
39.96333443,116.349693,2025-06-29 21:54:11+00:00
39.96304622,116.35159281,2025-06-29 21:54:41+00:00
39.96307373,116.35106033,2025-06-29 21:57:41+00:00
39.96315828,116.35075024,2025-06-29 22:00:41+00:00
39.96321773,116.35027843,2025-06-29 22:01:11+00:00
39.96319359,116.3497944,2025-06-29 23:33:11+00:00
39.96296955,116.3496755,2025-06-30 01:20:10+00:00
39.96319533,116.35036338,2025-06-30 01:20:40+00:00
39.96318214,116.35046055,2025-06-30 01:21:10+00:00
39.96303026,116.35083816,2025-06-30 01:21:40+00:00
39.96215255,116.35096901,2025-06-30 01:22:10+00:00
39.96100653,116.35102591,2025-06-30 01:22:40+00:00
39.96034609,116.35060218,2025-06-30 01:23:10+00:00
39.9604172,116.35027945,2025-06-30 01:23:40+00:00
39.96045166,116.35017061,2025-06-30 01:24:10+00:00
39.96040201,116.34994366,2025-06-30 01:25:43+00:00
39.96047296,116.34993387,2025-06-30 02:14:13+00:00
39.960372,116.349961,2025-06-30 03:29:28.969000+00:00
39.96041783,116.35111098,2025-06-30 03:43:20+00:00
39.96092694,116.35241424,2025-06-30 03:43:52+00:00
39.96169821,116.35290952,2025-06-30 03:44:25+00:00
39.961891,116.352598,2025-06-30 03:47:42.729000+00:00
39.9616254,116.35278279,2025-06-30 03:48:22+00:00
39.96254053,116.35195725,2025-06-30 03:49:03+00:00
39.96323144,116.34999715,2025-06-30 03:54:07+00:00
39.963193,116.350063,2025-06-30 06:03:18.611000+00:00
39.96325772,116.35055953,2025-06-30 07:14:21+00:00
39.96212846,116.35094885,2025-06-30 07:15:31.412000+00:00
39.96077373,116.3510417,2025-06-30 07:16:04.414000+00:00
39.96041261,116.35032078,2025-06-30 07:16:37+00:00
39.96045365,116.35009942,2025-06-30 07:17:09.425000+00:00
39.96023792,116.34985948,2025-06-30 07:21:52+00:00
39.96042247,116.34984108,2025-06-30 07:22:36+00:00
39.96029248,116.34984905,2025-06-30 07:24:00+00:00
39.96029913,116.34985772,2025-06-30 07:28:52+00:00
39.96041346,116.34990138,2025-06-30 08:04:12+00:00
39.960296,116.35022517,2025-06-30 09:18:04+00:00
39.9608285,116.35107964,2025-06-30 09:18:41.420000+00:00
39.96122721,116.35251569,2025-06-30 09:19:12+00:00
39.9617094,116.35287058,2025-06-30 09:19:42+00:00
39.96164861,116.35287586,2025-06-30 09:22:48+00:00
39.96165706,116.35284439,2025-06-30 09:23:22+00:00
39.96301328,116.35085051,2025-06-30 09:24:41+00:00
39.96314873,116.35046987,2025-06-30 09:25:11+00:00
39.96320474,116.35052571,2025-06-30 09:25:41+00:00
39.963208,116.35012,2025-06-30 09:52:12.760000+00:00
39.96316948,116.35056686,2025-06-30 10:24:21+00:00
39.96297008,116.35080049,2025-06-30 10:24:53+00:00
39.96294397,116.35088026,2025-06-30 10:26:08+00:00
39.96294845,116.350865,2025-06-30 10:27:14+00:00
39.96301061,116.35165836,2025-06-30 10:29:52+00:00
39.96325334,116.35249695,2025-06-30 10:30:22+00:00
39.96351769,116.35242161,2025-06-30 10:30:54+00:00
39.96373643,116.35227613,2025-06-30 10:31:26+00:00
39.96364626,116.35224216,2025-06-30 10:32:04+00:00
39.96352806,116.35244785,2025-06-30 10:32:44+00:00
39.96329296,116.35245833,2025-06-30 10:33:16+00:00
39.96207636,116.35244806,2025-06-30 10:33:51.866000+00:00
39.96097175,116.35204233,2025-06-30 10:34:27.380000+00:00
39.9603915,116.35080414,2025-06-30 10:34:58+00:00
39.96035827,116.35018802,2025-06-30 10:35:32.411000+00:00
39.96043531,116.34988641,2025-06-30 10:39:40+00:00
39.96046826,116.34989597,2025-06-30 10:40:18+00:00
39.96047058,116.34990348,2025-06-30 10:55:40+00:00
39.96043067,116.34995687,2025-06-30 11:03:32.418000+00:00
39.96137222,116.35112322,2025-06-30 11:04:40+00:00
39.962473,116.352324,2025-06-30 11:12:27.785000+00:00
39.96245962,116.35160286,2025-06-30 11:15:57.214000+00:00
39.96253539,116.35210009,2025-06-30 11:18:01.426000+00:00
39.9626431,116.35225451,2025-06-30 11:22:27+00:00
39.962571,116.35217868,2025-06-30 11:23:06.424000+00:00
39.96228201,116.3509751,2025-06-30 11:23:42.428000+00:00
39.96035209,116.35062149,2025-06-30 11:24:14+00:00
39.96047919,116.35011473,2025-06-30 11:24:47.410000+00:00
39.96041929,116.34986548,2025-06-30 11:27:24+00:00
39.96042024,116.34989353,2025-06-30 11:28:08+00:00
39.96069918,116.35017343,2025-06-30 11:55:48+00:00
39.96041443,116.35011233,2025-06-30 12:32:27+00:00
39.95784426,116.35119831,2025-06-30 12:35:01.429000+00:00
39.95576689,116.35193338,2025-06-30 12:36:41.423000+00:00
39.95303201,116.35240937,2025-06-30 12:37:47.710000+00:00
39.95169802,116.3517543,2025-06-30 12:38:56.418000+00:00
39.95173762,116.35130785,2025-06-30 12:39:27.425000+00:00
39.95141653,116.35144092,2025-06-30 12:44:19.410000+00:00
39.95177592,116.3513702,2025-06-30 12:44:58.413000+00:00
39.95174994,116.35178992,2025-06-30 12:45:29+00:00
39.95174446,116.35176983,2025-06-30 12:45:59+00:00
39.95174905,116.35178509,2025-06-30 12:47:25.426000+00:00
39.95085238,116.35264858,2025-06-30 12:48:06.412000+00:00
39.95023158,116.35576289,2025-06-30 12:49:09.411000+00:00
39.9510461,116.35789801,2025-06-30 12:50:56.503000+00:00
39.95120749,116.35994252,2025-06-30 12:51:28.414000+00:00
39.95129202,116.36270144,2025-06-30 12:52:04.413000+00:00
39.95139811,116.36454773,2025-06-30 12:52:36.417000+00:00
39.950053,116.3652227,2025-06-30 12:53:09.047000+00:00
39.94777515,116.36541224,2025-06-30 12:53:43.538000+00:00
39.94704636,116.36612457,2025-06-30 12:54:16.411000+00:00
39.94689601,116.36553709,2025-06-30 12:54:49.933000+00:00
39.94690863,116.36553824,2025-06-30 12:55:20.237000+00:00
39.94692604,116.36569949,2025-06-30 12:55:55.973000+00:00
39.94721823,116.36899698,2025-06-30 12:56:27.611000+00:00
39.94713808,116.37142916,2025-06-30 12:56:58.475000+00:00
39.94667881,116.37422939,2025-06-30 12:57:34.092000+00:00
39.94555096,116.37637099,2025-06-30 12:58:05+00:00
39.94431449,116.37897961,2025-06-30 12:58:40.412000+00:00
39.94307763,116.38136904,2025-06-30 12:59:13.210000+00:00
39.94114918,116.38412105,2025-06-30 13:00:19.727000+00:00
39.93978966,116.38597352,2025-06-30 13:00:54.420000+00:00
39.93912512,116.3889579,2025-06-30 13:02:03.425000+00:00
39.93857606,116.38964146,2025-06-30 13:02:39.224000+00:00
39.93754209,116.38970528,2025-06-30 13:03:11.437000+00:00
39.93665065,116.38970756,2025-06-30 13:03:43.897000+00:00
39.93609248,116.38961622,2025-06-30 13:04:15.319000+00:00
39.93603258,116.38928121,2025-06-30 13:04:49.841000+00:00
39.93604208,116.38928432,2025-06-30 13:05:23.412000+00:00
39.9360968,116.38883413,2025-06-30 13:06:04.423000+00:00
39.93633905,116.38875831,2025-06-30 13:06:35+00:00
39.93759711,116.38750999,2025-06-30 13:10:39.412000+00:00
39.93771195,116.38732315,2025-06-30 13:11:21.419000+00:00
39.93800094,116.3875334,2025-06-30 13:12:47.413000+00:00
39.93799144,116.38752991,2025-06-30 13:15:37.425000+00:00
39.93779025,116.38785903,2025-06-30 13:18:27.417000+00:00
39.93773264,116.38815537,2025-06-30 13:19:10.422000+00:00
39.93749675,116.38837076,2025-06-30 13:25:08.428000+00:00
39.93773042,116.38857209,2025-06-30 13:29:42.424000+00:00
39.93791805,116.38916695,2025-06-30 13:31:11.410000+00:00
39.93790182,116.38933243,2025-06-30 13:31:48.411000+00:00
39.93793332,116.38958726,2025-06-30 13:32:31.412000+00:00
39.93786849,116.38970302,2025-06-30 13:33:01.421000+00:00
39.93786699,116.38968184,2025-06-30 13:33:34.424000+00:00
39.93751637,116.38960657,2025-06-30 13:34:15.764000+00:00
39.93727764,116.38959113,2025-06-30 13:34:52.425000+00:00
39.93705652,116.38948727,2025-06-30 13:35:30.817000+00:00
39.93700382,116.38882477,2025-06-30 13:36:40.428000+00:00
39.9368836,116.388522,2025-06-30 13:37:17.418000+00:00
39.93668758,116.38870907,2025-06-30 13:37:49.428000+00:00
39.93644168,116.38870855,2025-06-30 13:38:21.424000+00:00
39.93625698,116.38873492,2025-06-30 13:39:03.428000+00:00
39.93607806,116.38912063,2025-06-30 13:39:36.413000+00:00
39.93603243,116.3892606,2025-06-30 13:40:08.412000+00:00
39.93617673,116.38985289,2025-06-30 13:40:51.429000+00:00
39.93861084,116.38983772,2025-06-30 13:41:55.425000+00:00
39.93866371,116.38982651,2025-06-30 13:42:27.422000+00:00
39.93864824,116.38982246,2025-06-30 13:43:09.418000+00:00
39.93930356,116.39050592,2025-06-30 13:43:51.419000+00:00
39.93937066,116.39116239,2025-06-30 13:44:23.427000+00:00
39.93938235,116.39273579,2025-06-30 13:44:55.419000+00:00
39.93904951,116.39286174,2025-06-30 13:46:32.425000+00:00
39.93893333,116.39285887,2025-06-30 13:47:10.427000+00:00
39.9390572,116.39281589,2025-06-30 13:47:53.419000+00:00
39.93942603,116.39313998,2025-06-30 13:48:33.426000+00:00
39.93941504,116.39316992,2025-06-30 13:49:14.414000+00:00
39.93936378,116.39311469,2025-06-30 13:56:25.429000+00:00
39.93940147,116.39310106,2025-06-30 14:02:11+00:00
39.93939385,116.3907112,2025-06-30 14:02:41+00:00
39.93906591,116.38925723,2025-06-30 14:03:11+00:00
39.94025926,116.38784882,2025-06-30 14:03:41+00:00
39.94258207,116.38775645,2025-06-30 14:04:11+00:00
39.94469081,116.38771506,2025-06-30 14:04:41+00:00
39.9471304,116.38765769,2025-06-30 14:05:11+00:00
39.94939987,116.38745339,2025-06-30 14:07:11+00:00
39.9524585,116.3892798,2025-06-30 14:09:11+00:00
39.95548797,116.38912283,2025-06-30 14:09:41+00:00
39.95796256,116.38901087,2025-06-30 14:10:11+00:00
39.96042176,116.38888717,2025-06-30 14:10:41+00:00
39.96168287,116.38881189,2025-06-30 14:11:11+00:00
39.96174714,116.38876484,2025-06-30 14:11:41+00:00
39.96186664,116.38707288,2025-06-30 14:12:11+00:00
39.96166033,116.38324563,2025-06-30 14:13:11+00:00
39.96166179,116.38173944,2025-06-30 14:13:41+00:00
39.96160269,116.37936671,2025-06-30 14:14:11+00:00
39.96307449,116.37904149,2025-06-30 14:14:41+00:00
39.96461152,116.37905068,2025-06-30 14:15:11+00:00
39.96480717,116.3790308,2025-06-30 14:15:41+00:00
39.96480988,116.37894549,2025-06-30 14:16:25.807000+00:00
39.96479476,116.37896362,2025-06-30 14:17:01.904000+00:00
39.96478822,116.37892412,2025-06-30 14:17:32+00:00
39.96488452,116.37889546,2025-06-30 14:18:02+00:00
39.96308234,116.37902664,2025-06-30 14:18:32+00:00
39.96156071,116.37883804,2025-06-30 14:19:02+00:00
39.9614704,116.37589557,2025-06-30 14:19:32+00:00
39.95832513,116.37617102,2025-06-30 14:20:32+00:00
39.95668108,116.37613915,2025-06-30 14:21:02+00:00
39.95657581,116.37387106,2025-06-30 14:21:32+00:00
39.95664766,116.37323315,2025-06-30 14:22:02+00:00
39.9567729,116.37128899,2025-06-30 14:22:32+00:00
39.95669909,116.36825927,2025-06-30 14:23:02.436000+00:00
39.95669121,116.36397102,2025-06-30 14:23:37.729000+00:00
39.9567125,116.36124141,2025-06-30 14:24:08+00:00
39.95673587,116.35750733,2025-06-30 14:24:46.421000+00:00
39.95718113,116.35513679,2025-06-30 14:25:23.233000+00:00
39.95974605,116.35507466,2025-06-30 14:25:57.819000+00:00
39.9609852,116.35214298,2025-06-30 14:27:10.426000+00:00
39.96091338,116.35023959,2025-06-30 14:27:43+00:00
39.96095194,116.35009917,2025-06-30 14:28:18+00:00
39.96256159,116.35000994,2025-06-30 14:28:52+00:00
39.96351546,116.3499511,2025-06-30 14:29:27.413000+00:00
39.96353116,116.34998565,2025-06-30 14:29:58+00:00
39.962858,116.35058279,2025-06-30 14:51:24.410000+00:00
39.963199,116.350062,2025-06-30 15:59:11.187000+00:00
39.963192,116.350072,2025-06-30 16:11:58.444000+00:00
39.96341207,116.3494727,2025-06-30 16:53:07+00:00
39.96353985,116.34994002,2025-07-01 01:15:17.420000+00:00
39.96223813,116.35096008,2025-07-01 01:16:00.412000+00:00
39.96032256,116.35104573,2025-07-01 01:16:37+00:00
39.96039726,116.35025458,2025-07-01 01:17:08+00:00
39.96039343,116.35024766,2025-07-01 01:17:41.422000+00:00
39.96049498,116.34994328,2025-07-01 01:55:55+00:00
39.96043118,116.35008566,2025-07-01 03:21:22.415000+00:00
39.96086569,116.35111263,2025-07-01 03:22:09+00:00
39.96144853,116.35253639,2025-07-01 03:22:39.416000+00:00
39.96170158,116.3528686,2025-07-01 03:23:16+00:00
39.96251395,116.35223927,2025-07-01 03:25:55.420000+00:00
39.96324135,116.35085499,2025-07-01 03:26:26+00:00
39.96364716,116.35098136,2025-07-01 03:26:56+00:00
39.96347197,116.35124418,2025-07-01 03:27:29.384000+00:00
39.96352687,116.35108752,2025-07-01 03:27:59.413000+00:00
39.96322592,116.35005899,2025-07-01 03:32:19+00:00
39.963219,116.3502,2025-07-01 04:36:16.093000+00:00
39.96317465,116.35042055,2025-07-01 07:04:52+00:00
39.96216854,116.35114814,2025-07-01 07:05:23.425000+00:00
39.9607585,116.35109915,2025-07-01 07:05:56+00:00
39.96036897,116.35043757,2025-07-01 07:06:26+00:00
39.9604039,116.35030497,2025-07-01 07:07:01.428000+00:00
39.9604228,116.35011437,2025-07-01 07:09:00+00:00
39.96043236,116.35000917,2025-07-01 07:09:36+00:00
39.96032196,116.34984541,2025-07-01 07:34:59+00:00
39.96034693,116.35023643,2025-07-01 07:52:59.426000+00:00
39.96042219,116.35093692,2025-07-01 07:54:05+00:00
39.95935081,116.35180733,2025-07-01 08:08:01.427000+00:00
39.96036302,116.35100816,2025-07-01 08:11:07+00:00
39.96046784,116.35052125,2025-07-01 08:11:40+00:00
39.960373,116.349964,2025-07-01 08:30:11.551000+00:00
39.96057,116.350188,2025-07-01 09:35:10.970000+00:00
39.96076514,116.34934997,2025-07-01 09:36:08.422000+00:00
39.9609,116.349661,2025-07-01 09:41:58.553000+00:00
39.9606525,116.34936384,2025-07-01 09:52:08+00:00
39.959854,116.349003,2025-07-01 09:53:33.355000+00:00
39.95987027,116.34900339,2025-07-01 09:54:05.418000+00:00
39.95988261,116.34898857,2025-07-01 09:54:36+00:00
39.9598976,116.34899793,2025-07-01 09:55:06+00:00
39.95988341,116.34899791,2025-07-01 09:55:36+00:00
39.96332295,116.34875723,2025-07-01 09:57:06+00:00
39.96552102,116.3486248,2025-07-01 09:57:36+00:00
39.96746006,116.34854047,2025-07-01 09:58:06+00:00
39.9707677,116.3483393,2025-07-01 09:58:36+00:00
39.97385871,116.34827737,2025-07-01 09:59:06+00:00
39.9754199,116.3481155,2025-07-01 10:00:06+00:00
39.9774405,116.34799,2025-07-01 10:00:36+00:00
39.97871449,116.34792591,2025-07-01 10:01:06+00:00
39.97999528,116.34870588,2025-07-01 10:01:36+00:00
39.98013339,116.35090884,2025-07-01 10:02:06+00:00
39.98018156,116.35290565,2025-07-01 10:02:36+00:00
39.98023147,116.35443594,2025-07-01 10:03:06+00:00
39.98017092,116.35496171,2025-07-01 10:03:36+00:00
39.98021758,116.35488067,2025-07-01 10:05:16.435000+00:00
39.97996433,116.35569069,2025-07-01 10:08:03+00:00
39.98019987,116.35554638,2025-07-01 10:10:31+00:00
39.97968022,116.3557025,2025-07-01 10:11:03+00:00
39.97966941,116.35581015,2025-07-01 10:11:45.411000+00:00
39.97969961,116.35573464,2025-07-01 10:12:16+00:00
39.97974556,116.35497581,2025-07-01 10:12:46+00:00
39.97974475,116.35490782,2025-07-01 10:13:17.428000+00:00
39.97973752,116.35490849,2025-07-01 10:13:48+00:00
39.97974236,116.35491642,2025-07-01 10:14:19.414000+00:00
39.97975151,116.35492404,2025-07-01 10:14:57.423000+00:00
39.9797644,116.35493334,2025-07-01 10:15:37.012000+00:00
39.97856244,116.3544124,2025-07-01 10:17:20.490000+00:00
39.9783104,116.35408662,2025-07-01 10:17:57.670000+00:00
39.97810562,116.35444563,2025-07-01 10:18:28+00:00
39.97745662,116.35490318,2025-07-01 10:19:31.013000+00:00
39.97629663,116.35532825,2025-07-01 10:21:18+00:00
39.97602311,116.35543178,2025-07-01 10:21:48+00:00
39.97598409,116.3558698,2025-07-01 10:22:48+00:00
39.97587364,116.35557369,2025-07-01 10:33:28.414000+00:00
39.976047,116.35542916,2025-07-01 10:45:27.423000+00:00
39.97753591,116.35587272,2025-07-01 10:46:39+00:00
39.97835517,116.35576079,2025-07-01 10:47:09+00:00
39.98022486,116.35566641,2025-07-01 10:47:40.415000+00:00
39.98013901,116.35448619,2025-07-01 10:48:14.417000+00:00
39.98018311,116.35356636,2025-07-01 10:48:46.419000+00:00
39.98018792,116.35349753,2025-07-01 10:49:18.423000+00:00
39.979823,116.353309,2025-07-01 11:10:26.370000+00:00
39.98000803,116.35344994,2025-07-01 11:24:56.417000+00:00
39.98019137,116.35403471,2025-07-01 11:25:39.421000+00:00
39.98011239,116.35562231,2025-07-01 11:26:11.425000+00:00
39.97840203,116.35576603,2025-07-01 11:26:42.419000+00:00
39.97737438,116.35568815,2025-07-01 11:27:15.412000+00:00
39.9760761,116.35555141,2025-07-01 11:28:20.428000+00:00
39.97607454,116.35539821,2025-07-01 11:28:51+00:00
39.97606672,116.35541247,2025-07-01 11:29:28.706000+00:00
39.97605918,116.35541184,2025-07-01 11:30:06.412000+00:00
39.97604884,116.3554151,2025-07-01 11:30:41.777000+00:00
39.9760458,116.35542736,2025-07-01 11:31:52.626000+00:00
39.97735269,116.35528536,2025-07-01 11:32:30.425000+00:00
39.97713939,116.35619087,2025-07-01 11:33:06.429000+00:00
39.97543793,116.35620333,2025-07-01 11:33:36.835000+00:00
39.97534985,116.3545235,2025-07-01 11:34:08.361000+00:00
39.97533897,116.35191628,2025-07-01 11:34:42.858000+00:00
39.97541917,116.34891534,2025-07-01 11:35:18.137000+00:00
39.97534921,116.34740969,2025-07-01 11:35:53.428000+00:00
39.97525046,116.34729005,2025-07-01 11:36:23.757000+00:00
39.97535689,116.34718499,2025-07-01 11:37:02.896000+00:00
39.97535519,116.34717542,2025-07-01 11:37:37.965000+00:00
39.97462114,116.3468116,2025-07-01 11:38:14.224000+00:00
39.97182665,116.34672074,2025-07-01 11:38:50.724000+00:00
39.96832937,116.34692245,2025-07-01 11:39:25.649000+00:00
39.96515589,116.3470914,2025-07-01 11:40:04.577000+00:00
39.9661621,116.34720193,2025-07-01 11:40:35+00:00
39.96601409,116.35143788,2025-07-01 11:41:13.174000+00:00
39.9656851,116.35473647,2025-07-01 11:41:48.053000+00:00
39.96376366,116.35424055,2025-07-01 11:42:18.267000+00:00
39.96364616,116.3508962,2025-07-01 11:42:54.259000+00:00
39.96267096,116.35093529,2025-07-01 11:43:31+00:00
39.96093975,116.3509854,2025-07-01 11:44:02+00:00
39.96092214,116.3496961,2025-07-01 11:44:37+00:00
39.96096322,116.34970785,2025-07-01 11:45:11+00:00
39.960978,116.349732,2025-07-01 11:49:21.200000+00:00
39.96099089,116.34969205,2025-07-01 11:54:10.419000+00:00
39.96258189,116.35003092,2025-07-01 11:55:35+00:00
39.96326732,116.35020629,2025-07-01 11:56:36+00:00
39.96327161,116.35024173,2025-07-01 12:03:00+00:00
39.96322398,116.35014366,2025-07-01 12:04:58+00:00
39.96308754,116.3502587,2025-07-01 12:29:04+00:00
39.96295326,116.35120958,2025-07-01 12:29:38.429000+00:00
39.962739,116.351108,2025-07-01 12:33:35.082000+00:00
39.96290133,116.35153069,2025-07-01 12:43:44.418000+00:00
39.96205802,116.35091008,2025-07-01 12:44:25.416000+00:00
39.96038209,116.35087452,2025-07-01 12:44:56+00:00
39.96038514,116.35013281,2025-07-01 12:45:26+00:00
39.96052025,116.34985002,2025-07-01 12:47:03+00:00
39.96030209,116.34993798,2025-07-01 12:48:27+00:00
39.96033572,116.35001173,2025-07-01 12:49:09+00:00
39.960385,116.349965,2025-07-01 13:59:36.623000+00:00
39.96038701,116.35011379,2025-07-01 14:09:24.021000+00:00
39.95887898,116.3511569,2025-07-01 14:10:42+00:00
39.95781333,116.3511543,2025-07-01 14:11:18.409000+00:00
39.95687064,116.35184037,2025-07-01 14:11:53.540000+00:00
39.95690876,116.34819956,2025-07-01 14:12:56+00:00
39.95599945,116.34866061,2025-07-01 14:13:28+00:00
39.9543632,116.34878709,2025-07-01 14:13:58.236000+00:00
39.95212741,116.34878703,2025-07-01 14:15:00+00:00
39.94908809,116.34950055,2025-07-01 14:16:39.170000+00:00
39.94530091,116.34995976,2025-07-01 14:17:46.800000+00:00
39.94338555,116.349894,2025-07-01 14:18:21.163000+00:00
39.94204261,116.34910083,2025-07-01 14:18:52.422000+00:00
39.94077747,116.3488515,2025-07-01 14:19:23.074000+00:00
39.9394542,116.3482276,2025-07-01 14:19:53.406000+00:00
39.93920865,116.34639319,2025-07-01 14:20:26.765000+00:00
39.939186,116.34623206,2025-07-01 14:20:59.399000+00:00
39.93910217,116.34569441,2025-07-01 14:21:30+00:00
39.93871392,116.34318514,2025-07-01 14:22:00.890000+00:00
39.93799255,116.34053498,2025-07-01 14:22:36.851000+00:00
39.93743649,116.33648861,2025-07-01 14:23:43.517000+00:00
39.93727213,116.3341506,2025-07-01 14:24:14+00:00
39.93718615,116.33140603,2025-07-01 14:24:46.092000+00:00
39.9370702,116.32804987,2025-07-01 14:25:47+00:00
39.9373925,116.32358342,2025-07-01 14:26:53.619000+00:00
39.93769891,116.32109474,2025-07-01 14:27:27.076000+00:00
39.93820464,116.31979435,2025-07-01 14:27:57.174000+00:00
39.93709001,116.31935422,2025-07-01 14:28:41.701000+00:00
39.93478252,116.31937231,2025-07-01 14:29:18.571000+00:00
39.93301938,116.31933724,2025-07-01 14:29:51.048000+00:00
39.93008075,116.31946912,2025-07-01 14:31:57+00:00
39.92724294,116.31949596,2025-07-01 14:32:58.835000+00:00
39.92546195,116.3195382,2025-07-01 14:33:28.948000+00:00
39.92365245,116.31946765,2025-07-01 14:34:05.376000+00:00
39.92242341,116.31914334,2025-07-01 14:34:36+00:00
39.92256757,116.31608665,2025-07-01 14:35:06+00:00
39.9226044,116.31545186,2025-07-01 14:35:36+00:00
39.92264283,116.31425327,2025-07-01 14:36:06+00:00
39.92275915,116.31156031,2025-07-01 14:36:36+00:00
39.92290618,116.30825461,2025-07-01 14:37:36+00:00
39.92303294,116.30545783,2025-07-01 14:38:37+00:00
39.92303112,116.30516112,2025-07-01 14:39:07+00:00
39.92332891,116.30366318,2025-07-01 14:39:37+00:00
39.92264702,116.30330101,2025-07-01 14:40:07+00:00
39.92224303,116.30365554,2025-07-01 14:40:37+00:00
39.9203619,116.30380387,2025-07-01 14:41:37+00:00
39.91826321,116.30375587,2025-07-01 14:43:44.899000+00:00
39.91560774,116.30385279,2025-07-01 14:44:45+00:00
39.91371308,116.30387047,2025-07-01 14:45:15+00:00
39.91157064,116.30387345,2025-07-01 14:45:45+00:00
39.90950613,116.30386414,2025-07-01 14:46:15+00:00
39.90788725,116.30378232,2025-07-01 14:46:45+00:00
39.9077412,116.30359424,2025-07-01 14:47:15+00:00
39.90600216,116.3021579,2025-07-01 14:47:45+00:00
39.90468685,116.3036583,2025-07-01 14:48:15+00:00
39.90490345,116.30619146,2025-07-01 14:48:45+00:00
39.9059732,116.30768921,2025-07-01 14:49:15+00:00
39.90604519,116.31347986,2025-07-01 14:50:46+00:00
39.90601094,116.31649599,2025-07-01 14:52:16+00:00
39.90600047,116.31956396,2025-07-01 14:52:46+00:00
39.90598991,116.32217604,2025-07-01 14:53:16+00:00
39.90586849,116.32587084,2025-07-01 14:53:46+00:00
39.90579598,116.32861198,2025-07-01 14:54:16+00:00
39.90583908,116.33321142,2025-07-01 14:55:46+00:00
39.90579843,116.33603349,2025-07-01 14:56:16+00:00
39.90583952,116.33890214,2025-07-01 14:56:46+00:00
39.90579493,116.34335212,2025-07-01 14:57:16+00:00
39.90571896,116.3468195,2025-07-01 14:57:46+00:00
39.90570203,116.35003038,2025-07-01 14:58:16+00:00
39.90484644,116.3509844,2025-07-01 14:58:46+00:00
39.90686281,116.35052725,2025-07-01 14:59:23.066000+00:00
39.90886413,116.35067525,2025-07-01 14:59:54.140000+00:00
39.91167584,116.35076983,2025-07-01 15:00:25.052000+00:00
39.91646912,116.35060224,2025-07-01 15:01:37.357000+00:00
39.9188493,116.35046315,2025-07-01 15:03:20.454000+00:00
39.92290768,116.35033007,2025-07-01 15:03:57.358000+00:00
39.92693631,116.350112,2025-07-01 15:04:37.443000+00:00
39.92970916,116.35007529,2025-07-01 15:05:07.554000+00:00
39.9328295,116.34993316,2025-07-01 15:06:09.429000+00:00
39.935357,116.34985425,2025-07-01 15:06:39.486000+00:00
39.93830417,116.3496501,2025-07-01 15:07:13.781000+00:00
39.94121794,116.34976363,2025-07-01 15:07:50.460000+00:00
39.94475182,116.35027895,2025-07-01 15:08:30.787000+00:00
39.94942518,116.34990884,2025-07-01 15:09:11.825000+00:00
39.95322816,116.34923663,2025-07-01 15:10:45.225000+00:00
39.9561388,116.34919625,2025-07-01 15:11:16.227000+00:00
39.95820938,116.34903305,2025-07-01 15:13:03.423000+00:00
39.96102507,116.35013804,2025-07-01 15:14:09+00:00
39.96310476,116.35003154,2025-07-01 15:14:43+00:00
39.96319494,116.35040904,2025-07-01 15:15:13+00:00
39.963217,116.350018,2025-07-01 15:16:15.033000+00:00
39.963217,116.350018,2025-07-01 15:16:45.250000+00:00
39.96331072,116.34979371,2025-07-01 15:21:12+00:00
39.963259,116.350328,2025-07-01 15:56:03.597000+00:00
39.96042909,116.34988447,2025-07-02 01:51:34+00:00
39.96032412,116.34993164,2025-07-02 02:48:45+00:00
39.96032553,116.3503072,2025-07-02 03:19:43.424000+00:00
39.96117328,116.35110434,2025-07-02 03:20:14+00:00
39.96244719,116.35128867,2025-07-02 03:20:46.413000+00:00
39.96164522,116.35289139,2025-07-02 03:21:17.414000+00:00
39.96163787,116.35285428,2025-07-02 03:24:08.423000+00:00
39.96277868,116.3511861,2025-07-02 03:24:51.427000+00:00
39.96332168,116.35030002,2025-07-02 03:25:27+00:00
39.963289,116.350374,2025-07-02 03:28:00.948000+00:00
39.96315775,116.34943546,2025-07-02 04:28:37+00:00
39.96307755,116.35025515,2025-07-02 06:26:31+00:00
39.96231462,116.35094792,2025-07-02 06:27:01.421000+00:00
39.96053575,116.35103088,2025-07-02 06:27:38.426000+00:00
39.96037402,116.35034756,2025-07-02 06:28:13+00:00
39.960533,116.350157,2025-07-02 06:28:47.033000+00:00
39.960371,116.349988,2025-07-02 06:48:36.307000+00:00
39.96045506,116.34997033,2025-07-02 06:54:37+00:00
39.960376,116.349999,2025-07-02 08:37:39.060000+00:00
39.96040659,116.35012523,2025-07-02 09:26:05.416000+00:00
39.96052984,116.35108109,2025-07-02 09:26:43+00:00
39.96151232,116.35253047,2025-07-02 09:27:20+00:00
39.96161372,116.35291969,2025-07-02 09:29:37.414000+00:00
39.96204843,116.35251783,2025-07-02 09:30:20.422000+00:00
39.96216822,116.35255299,2025-07-02 09:31:00.417000+00:00
39.96296864,116.35092629,2025-07-02 09:31:33.421000+00:00
39.96315372,116.34987527,2025-07-02 09:32:39.427000+00:00
39.96322625,116.3495699,2025-07-02 09:36:09+00:00
39.96322259,116.34963609,2025-07-02 09:38:36+00:00
39.963217,116.350182,2025-07-02 10:16:27.813000+00:00
39.9630789,116.35056203,2025-07-02 10:33:07.419000+00:00
39.96276855,116.35138478,2025-07-02 10:33:47.421000+00:00
39.962809,116.351076,2025-07-02 10:47:37.952000+00:00
39.96199594,116.35100991,2025-07-02 10:49:12.410000+00:00
39.96037755,116.35097508,2025-07-02 10:49:43.428000+00:00
39.96041364,116.35024331,2025-07-02 10:50:17.424000+00:00
39.96038466,116.35004405,2025-07-02 10:52:00+00:00
39.96040075,116.3499492,2025-07-02 10:52:40+00:00
39.960647,116.349749,2025-07-02 11:50:06.340000+00:00
39.96040095,116.35014994,2025-07-02 13:01:20.342000+00:00
39.9608734,116.35108489,2025-07-02 13:02:40+00:00
39.96098655,116.3525484,2025-07-02 13:03:10+00:00
39.96106799,116.35432308,2025-07-02 13:03:42.934000+00:00
39.96091762,116.3548393,2025-07-02 13:04:13.368000+00:00
39.96090949,116.35477728,2025-07-02 13:04:56.520000+00:00
39.956597,116.355346,2025-07-02 13:06:00+00:00
39.95653116,116.36113387,2025-07-02 13:10:32+00:00
39.95651522,116.36347128,2025-07-02 13:11:04.184000+00:00
39.95610814,116.36470106,2025-07-02 13:11:35.427000+00:00
39.95289316,116.36501165,2025-07-02 13:12:36.139000+00:00
39.95116349,116.36519194,2025-07-02 13:13:07+00:00
39.94974818,116.36527071,2025-07-02 13:13:38.711000+00:00
39.94963612,116.3658264,2025-07-02 13:14:09.199000+00:00
39.94960337,116.36802702,2025-07-02 13:14:45.771000+00:00
39.94971137,116.37052006,2025-07-02 13:15:18.487000+00:00
39.94994481,116.37300167,2025-07-02 13:15:54.428000+00:00
39.95011673,116.377069,2025-07-02 13:17:00.419000+00:00
39.95012669,116.38077031,2025-07-02 13:18:05.414000+00:00
39.95008698,116.38453889,2025-07-02 13:19:17.426000+00:00
39.95010802,116.38717101,2025-07-02 13:20:18+00:00
39.95015653,116.39111989,2025-07-02 13:21:55.428000+00:00
39.95009725,116.39509634,2025-07-02 13:23:05.425000+00:00
39.95011874,116.39700622,2025-07-02 13:23:36.417000+00:00
39.95009081,116.399211,2025-07-02 13:24:10.983000+00:00
39.95006561,116.40100851,2025-07-02 13:24:45.141000+00:00
39.94957448,116.40170749,2025-07-02 13:25:20.424000+00:00
39.94856382,116.40168279,2025-07-02 13:25:50.617000+00:00
39.94727951,116.40156275,2025-07-02 13:26:21.163000+00:00
39.94697828,116.40179756,2025-07-02 13:26:56.562000+00:00
39.94698355,116.40180827,2025-07-02 13:27:27.859000+00:00
39.94710774,116.40222173,2025-07-02 13:28:02.130000+00:00
39.94707687,116.40342177,2025-07-02 13:28:36.427000+00:00
39.94703249,116.40619107,2025-07-02 13:30:18.070000+00:00
39.94705283,116.4075261,2025-07-02 13:30:50.977000+00:00
39.947021,116.40852729,2025-07-02 13:31:26.410000+00:00
39.94701151,116.40956522,2025-07-02 13:32:01.168000+00:00
39.94699612,116.4100738,2025-07-02 13:32:32+00:00
39.94559974,116.41026763,2025-07-02 13:33:03.499000+00:00
39.94350411,116.41038519,2025-07-02 13:33:39.664000+00:00
39.94032375,116.41050371,2025-07-02 13:34:43.927000+00:00
39.93981841,116.41052092,2025-07-02 13:35:15.258000+00:00
39.93980498,116.41051698,2025-07-02 13:35:46+00:00
39.93976182,116.41053681,2025-07-02 13:36:16+00:00
39.93933044,116.4104986,2025-07-02 13:36:46+00:00
39.93944754,116.41106663,2025-07-02 13:37:16+00:00
39.93951482,116.41493948,2025-07-02 13:38:51.519000+00:00
39.93957355,116.41671534,2025-07-02 13:39:27.056000+00:00
39.93955242,116.41830057,2025-07-02 13:39:58+00:00
39.93971114,116.41906969,2025-07-02 13:40:28+00:00
39.93988031,116.41943843,2025-07-02 13:40:58+00:00
39.9413036,116.41946548,2025-07-02 13:41:28+00:00
39.94330969,116.41940829,2025-07-02 13:42:04.288000+00:00
39.94679561,116.41934291,2025-07-02 13:43:49.425000+00:00
39.94785895,116.41936035,2025-07-02 13:44:55.640000+00:00
39.94838782,116.41933905,2025-07-02 13:45:26+00:00
39.94845668,116.41932731,2025-07-02 13:45:56+00:00
39.94845293,116.41931753,2025-07-02 13:46:26+00:00
39.94842605,116.41908872,2025-07-02 13:46:57+00:00
39.94833088,116.41658434,2025-07-02 13:47:27+00:00
39.94819317,116.41282155,2025-07-02 13:48:05.339000+00:00
39.94807828,116.4103671,2025-07-02 13:48:40.161000+00:00
39.94801657,116.40660058,2025-07-02 13:50:14+00:00
39.94785419,116.403748,2025-07-02 13:50:46.526000+00:00
39.9478207,116.40007324,2025-07-02 13:51:22.076000+00:00
39.94782414,116.39588526,2025-07-02 13:51:58.536000+00:00
39.94782811,116.39189699,2025-07-02 13:52:34.426000+00:00
39.94775413,116.38835352,2025-07-02 13:53:05.396000+00:00
39.94777551,116.38442171,2025-07-02 13:53:39.326000+00:00
39.94776148,116.38023978,2025-07-02 13:54:17.422000+00:00
39.94776032,116.37688108,2025-07-02 13:54:53.176000+00:00
39.94763176,116.37343039,2025-07-02 13:55:24.126000+00:00
39.94761091,116.36933485,2025-07-02 13:56:01.042000+00:00
39.94744219,116.36621959,2025-07-02 13:56:34.896000+00:00
39.94962663,116.36431802,2025-07-02 13:57:40+00:00
39.94913266,116.36031259,2025-07-02 13:58:40+00:00
39.9483663,116.35815906,2025-07-02 13:59:10+00:00
39.94913575,116.35662286,2025-07-02 13:59:41.547000+00:00
39.95075187,116.35552824,2025-07-02 14:00:18.427000+00:00
39.95241701,116.35532687,2025-07-02 14:00:49+00:00
39.95574024,116.35524442,2025-07-02 14:01:52.914000+00:00
39.95804903,116.35518844,2025-07-02 14:02:29.039000+00:00
39.96073145,116.35499067,2025-07-02 14:03:06.269000+00:00
39.96103331,116.35398079,2025-07-02 14:03:40+00:00
39.96129274,116.35105449,2025-07-02 14:04:47+00:00
39.96282848,116.35011178,2025-07-02 14:05:59+00:00
39.96357335,116.35000105,2025-07-02 14:06:34.411000+00:00
39.96356207,116.34991761,2025-07-02 14:07:08.425000+00:00
39.963188,116.349958,2025-07-02 15:29:28.083000+00:00
39.96358748,116.3499204,2025-07-03 01:03:38.412000+00:00
39.96227498,116.35083141,2025-07-03 01:08:51.427000+00:00
39.96105814,116.3510677,2025-07-03 01:09:24.412000+00:00
39.96037713,116.35032733,2025-07-03 01:09:55+00:00
39.96045671,116.35017754,2025-07-03 01:10:25+00:00
39.960499,116.34990559,2025-07-03 01:12:42+00:00
39.96045943,116.34987706,2025-07-03 01:13:12+00:00
39.96044453,116.34993112,2025-07-03 01:55:39+00:00
39.96041041,116.35040643,2025-07-03 03:23:49.425000+00:00
39.961018,116.35110481,2025-07-03 03:24:26+00:00
39.9623443,116.35084946,2025-07-03 03:25:04.429000+00:00
39.96250159,116.35094127,2025-07-03 03:25:40.429000+00:00
39.962522,116.35079,2025-07-03 03:34:25.754000+00:00
39.962507,116.350757,2025-07-03 03:39:28.425000+00:00
39.962529,116.350781,2025-07-03 03:44:31.013000+00:00
39.96245368,116.3508931,2025-07-03 03:49:26.604000+00:00
39.96310521,116.35084086,2025-07-03 03:50:09.428000+00:00
39.963189,116.350271,2025-07-03 04:16:16.933000+00:00
39.96281815,116.35026463,2025-07-03 06:24:47.416000+00:00
39.96256605,116.35094271,2025-07-03 06:25:23.414000+00:00
39.9613117,116.35101685,2025-07-03 06:25:56.419000+00:00
39.96038338,116.35106126,2025-07-03 06:26:27.415000+00:00
39.96040703,116.35022964,2025-07-03 06:27:03.428000+00:00
39.96044734,116.35017832,2025-07-03 06:29:30+00:00
39.96052437,116.34984953,2025-07-03 09:41:17+00:00
39.96040415,116.34988493,2025-07-03 12:58:02+00:00
39.96034391,116.35105492,2025-07-03 13:01:02.420000+00:00
39.96236732,116.35096848,2025-07-03 13:01:39.426000+00:00
39.9632379,116.35043606,2025-07-03 13:02:48.419000+00:00
39.963189,116.350299,2025-07-03 13:09:35.904000+00:00
39.96326061,116.35053442,2025-07-03 13:12:18+00:00
39.96277014,116.35144317,2025-07-03 13:12:58.426000+00:00
39.96263818,116.35141357,2025-07-03 13:29:19.414000+00:00
39.9625229,116.35174322,2025-07-03 13:31:56.531000+00:00
39.96192407,116.35244877,2025-07-03 13:32:27+00:00
39.96104785,116.35370581,2025-07-03 13:33:04.419000+00:00
39.9605104,116.35485783,2025-07-03 13:33:41+00:00
39.95838719,116.35499311,2025-07-03 13:34:11+00:00
39.95630369,116.3551336,2025-07-03 13:34:46.424000+00:00
39.95425759,116.35525656,2025-07-03 13:35:18.424000+00:00
39.95200823,116.35540595,2025-07-03 13:35:53.643000+00:00
39.95108804,116.35647829,2025-07-03 13:36:24.412000+00:00
39.9511617,116.35904409,2025-07-03 13:36:57.016000+00:00
39.95127081,116.36187953,2025-07-03 13:37:33.300000+00:00
39.95138094,116.36435736,2025-07-03 13:38:10.413000+00:00
39.95057213,116.36520979,2025-07-03 13:38:43.015000+00:00
39.94968728,116.36519402,2025-07-03 13:39:13.525000+00:00
39.94972437,116.36523857,2025-07-03 13:39:44+00:00
39.94781319,116.36537905,2025-07-03 13:40:19.844000+00:00
39.94570488,116.36573189,2025-07-03 13:40:57.314000+00:00
39.94386771,116.36579734,2025-07-03 13:41:30.782000+00:00
39.94201261,116.3659264,2025-07-03 13:42:01+00:00
39.93900585,116.36651717,2025-07-03 13:43:11.422000+00:00
39.93612124,116.36659329,2025-07-03 13:44:16.687000+00:00
39.93420868,116.36662646,2025-07-03 13:44:51.427000+00:00
39.93160776,116.36660548,2025-07-03 13:46:31.763000+00:00
39.92909963,116.36680467,2025-07-03 13:48:43+00:00
39.92558511,116.36701994,2025-07-03 13:49:49.417000+00:00
39.9229628,116.3670986,2025-07-03 13:50:53.420000+00:00
39.92285063,116.36711529,2025-07-03 13:51:28.658000+00:00
39.92249453,116.36713224,2025-07-03 13:52:12.790000+00:00
39.92093621,116.36722933,2025-07-03 13:52:51.427000+00:00
39.92109584,116.36858771,2025-07-03 13:53:22+00:00
39.92111105,116.37074562,2025-07-03 13:53:55.415000+00:00
39.92117837,116.37463671,2025-07-03 13:54:59+00:00
39.9211725,116.37719494,2025-07-03 13:55:31.866000+00:00
39.92107482,116.37964621,2025-07-03 13:56:06.417000+00:00
39.9208025,116.38355219,2025-07-03 13:57:08.201000+00:00
39.92170022,116.38620076,2025-07-03 13:58:10+00:00
39.92186878,116.38944274,2025-07-03 13:59:18.415000+00:00
39.92185197,116.39071563,2025-07-03 13:59:49+00:00
39.92195621,116.39280684,2025-07-03 14:00:24.034000+00:00
39.92199808,116.39474615,2025-07-03 14:00:56.338000+00:00
39.92167772,116.3962698,2025-07-03 14:01:28.052000+00:00
39.92036369,116.39637673,2025-07-03 14:02:00.284000+00:00
39.91883589,116.39646282,2025-07-03 14:02:30.546000+00:00
39.91698308,116.39652168,2025-07-03 14:03:03.773000+00:00
39.91488526,116.39663912,2025-07-03 14:03:41.423000+00:00
39.91390085,116.39671305,2025-07-03 14:04:14.390000+00:00
39.91370351,116.39713681,2025-07-03 14:04:47.739000+00:00
39.91372278,116.39755326,2025-07-03 14:05:19.954000+00:00
39.91372472,116.39759928,2025-07-03 14:05:51.137000+00:00
39.9137099,116.39755316,2025-07-03 14:06:22+00:00
39.9137966,116.40004343,2025-07-03 14:07:52+00:00
39.91387758,116.40123686,2025-07-03 14:09:22+00:00
39.91390652,116.40175586,2025-07-03 14:09:52+00:00
39.91380843,116.40270698,2025-07-03 14:10:22+00:00
39.91319205,116.40276083,2025-07-03 14:10:52+00:00
39.9129507,116.40272076,2025-07-03 14:11:22+00:00
39.91201634,116.40278971,2025-07-03 14:11:52+00:00
39.91056361,116.40245022,2025-07-03 14:13:22+00:00
39.9103432,116.4024658,2025-07-03 14:14:52+00:00
39.90914061,116.40253259,2025-07-03 14:15:22+00:00
39.90905292,116.40384774,2025-07-03 14:15:52+00:00
39.90905932,116.40448343,2025-07-03 14:17:52+00:00
39.90894048,116.40513579,2025-07-03 14:18:22+00:00
39.90771158,116.40515415,2025-07-03 14:18:52+00:00
39.90704683,116.40521499,2025-07-03 14:19:52+00:00
39.9046198,116.405294,2025-07-03 14:20:52+00:00
39.9014833,116.40545064,2025-07-03 14:21:52+00:00
39.90124621,116.40521105,2025-07-03 14:22:22+00:00
39.90125182,116.40521717,2025-07-03 14:22:52+00:00
39.90064494,116.40541383,2025-07-03 14:23:22+00:00
39.89968389,116.40464634,2025-07-03 14:23:52+00:00
39.89960553,116.40171948,2025-07-03 14:24:22+00:00
39.89949412,116.39863833,2025-07-03 14:25:22+00:00
39.89915511,116.39484162,2025-07-03 14:26:22+00:00
39.8988911,116.39064172,2025-07-03 14:27:22+00:00
39.89916208,116.38693259,2025-07-03 14:28:52+00:00
39.89906465,116.38301764,2025-07-03 14:29:52+00:00
39.89896176,116.37883177,2025-07-03 14:30:52+00:00
39.89883365,116.37567558,2025-07-03 14:32:52+00:00
39.89876385,116.37411824,2025-07-03 14:33:23.416000+00:00
39.89870722,116.37202553,2025-07-03 14:33:54+00:00
39.89868157,116.37035372,2025-07-03 14:34:24+00:00
39.89867563,116.36843877,2025-07-03 14:34:54+00:00
39.89973632,116.3683338,2025-07-03 14:35:24+00:00
39.90109353,116.3683019,2025-07-03 14:35:54+00:00
39.90289062,116.36820965,2025-07-03 14:36:24+00:00
39.90485297,116.36813887,2025-07-03 14:36:54+00:00
39.90677143,116.36807627,2025-07-03 14:37:24+00:00
39.90883097,116.36793555,2025-07-03 14:37:54+00:00
39.91089841,116.36785477,2025-07-03 14:38:24+00:00
39.91270363,116.36779612,2025-07-03 14:38:54+00:00
39.91341683,116.36769217,2025-07-03 14:39:24+00:00
39.91342327,116.36767262,2025-07-03 14:39:54+00:00
39.91329973,116.36600866,2025-07-03 14:40:24+00:00
39.91304263,116.36370239,2025-07-03 14:40:54+00:00
39.91284604,116.36099514,2025-07-03 14:41:54+00:00
39.91285466,116.35852457,2025-07-03 14:42:54+00:00
39.91274505,116.35545258,2025-07-03 14:44:24+00:00
39.91273896,116.35397351,2025-07-03 14:44:54+00:00
39.91319336,116.35383256,2025-07-03 14:45:24+00:00
39.91316458,116.35377833,2025-07-03 14:45:54+00:00
39.9132492,116.35376571,2025-07-03 14:46:24+00:00
39.91534258,116.35377028,2025-07-03 14:47:24+00:00
39.91722701,116.35253109,2025-07-03 14:48:54+00:00
39.91729127,116.35065591,2025-07-03 14:49:24+00:00
39.91919657,116.35046132,2025-07-03 14:49:54+00:00
39.92170992,116.35035359,2025-07-03 14:50:24+00:00
39.92452506,116.35024616,2025-07-03 14:50:54+00:00
39.9270514,116.35014653,2025-07-03 14:51:24.429000+00:00
39.92953677,116.34986845,2025-07-03 14:51:55.959000+00:00
39.93214194,116.3499823,2025-07-03 14:52:56+00:00
39.93483119,116.34990166,2025-07-03 14:53:31.413000+00:00
39.9369289,116.34984963,2025-07-03 14:54:03.176000+00:00
39.93936654,116.34957414,2025-07-03 14:54:37.417000+00:00
39.94159141,116.35018033,2025-07-03 14:55:16.419000+00:00
39.9435187,116.35024499,2025-07-03 14:55:50.800000+00:00
39.94563809,116.35034899,2025-07-03 14:56:23.716000+00:00
39.94812067,116.35028214,2025-07-03 14:57:01.082000+00:00
39.95038601,116.34975138,2025-07-03 14:57:39.113000+00:00
39.95249554,116.34933425,2025-07-03 14:59:12+00:00
39.95467216,116.34924259,2025-07-03 14:59:49.745000+00:00
39.9581538,116.34903156,2025-07-03 15:02:31.428000+00:00
39.96032459,116.34931585,2025-07-03 15:03:32.739000+00:00
39.96204317,116.35005396,2025-07-03 15:04:36+00:00
39.96315991,116.34996184,2025-07-03 15:05:07.410000+00:00
39.96308134,116.35001374,2025-07-03 15:05:37.416000+00:00
39.96327707,116.3493709,2025-07-03 16:32:00+00:00
39.9630973,116.35034202,2025-07-04 00:59:06+00:00
39.96246334,116.35004749,2025-07-04 00:59:38+00:00
39.962525,116.350045,2025-07-04 01:11:44.012000+00:00
39.962513,116.350025,2025-07-04 01:13:08.034000+00:00
39.960975,116.35102902,2025-07-04 01:13:54.429000+00:00
39.96038889,116.35028731,2025-07-04 01:14:25+00:00
39.96039299,116.35033681,2025-07-04 01:14:55+00:00
39.96049405,116.34990643,2025-07-04 02:47:18+00:00
39.96032497,116.35009735,2025-07-04 03:30:20.949000+00:00
39.96034389,116.35103346,2025-07-04 03:31:07+00:00
39.96163329,116.3510495,2025-07-04 03:31:37+00:00
39.9623587,116.35032983,2025-07-04 03:32:07+00:00
39.962537,116.350796,2025-07-04 03:43:02.336000+00:00
39.962516,116.350702,2025-07-04 03:48:04.952000+00:00
39.962537,116.35073,2025-07-04 03:53:07.650000+00:00
39.96295289,116.34987587,2025-07-04 03:55:32.605000+00:00
39.963235,116.350299,2025-07-04 04:52:23.886000+00:00
39.96317788,116.3500208,2025-07-04 07:15:46+00:00
39.96270111,116.35096007,2025-07-04 07:16:27+00:00
39.96062879,116.35102228,2025-07-04 07:16:57+00:00
39.96041454,116.35024525,2025-07-04 07:17:29+00:00
39.96028616,116.34983718,2025-07-04 07:21:27+00:00
39.96028107,116.3498657,2025-07-04 07:22:17+00:00
39.960376,116.350057,2025-07-04 08:08:51.570000+00:00
39.96034997,116.35030449,2025-07-04 09:06:49.418000+00:00
39.96076998,116.35113145,2025-07-04 09:07:23+00:00
39.96203439,116.35097057,2025-07-04 09:07:53.426000+00:00
39.96250494,116.35177823,2025-07-04 09:08:30.411000+00:00
39.96166672,116.3524314,2025-07-04 09:09:03.420000+00:00
39.96174521,116.35278149,2025-07-04 09:10:59.419000+00:00
39.96261189,116.35006816,2025-07-04 09:12:23.414000+00:00
39.96323757,116.35003377,2025-07-04 09:17:07.415000+00:00
39.96323861,116.34997024,2025-07-04 09:19:29+00:00
39.963187,116.350256,2025-07-04 10:17:33.985000+00:00
39.96310904,116.35049074,2025-07-04 10:47:44+00:00
39.96294035,116.35135148,2025-07-04 10:48:18.427000+00:00
39.96087804,116.3532038,2025-07-04 10:49:51.429000+00:00
39.9584247,116.3549383,2025-07-04 10:50:56+00:00
39.95678379,116.35520261,2025-07-04 10:51:27.416000+00:00
39.95675038,116.35520816,2025-07-04 10:52:04.411000+00:00
39.95650302,116.35696564,2025-07-04 10:52:35+00:00
39.95652136,116.35852487,2025-07-04 10:53:06.426000+00:00
39.95653755,116.36052948,2025-07-04 10:53:37+00:00
39.95685692,116.36017499,2025-07-04 10:54:07.422000+00:00
39.95681846,116.36047681,2025-07-04 10:54:38.416000+00:00
39.9572014,116.36044892,2025-07-04 10:55:21.423000+00:00
39.95768931,116.36047582,2025-07-04 10:55:59.423000+00:00
39.95798351,116.3601798,2025-07-04 10:56:30.424000+00:00
39.95803211,116.35965565,2025-07-04 10:57:02.428000+00:00
39.9580051,116.35900147,2025-07-04 10:57:34.423000+00:00
39.95814232,116.35843627,2025-07-04 10:58:04.425000+00:00
39.95813006,116.35788895,2025-07-04 10:58:35.427000+00:00
39.95848333,116.3583671,2025-07-04 11:01:15.420000+00:00
39.95811395,116.35796512,2025-07-04 11:02:46+00:00
39.95805972,116.35852385,2025-07-04 11:03:27.416000+00:00
39.95794996,116.35968654,2025-07-04 11:04:37.429000+00:00
39.9579233,116.36020051,2025-07-04 11:05:08.416000+00:00
39.95764729,116.36048003,2025-07-04 11:05:39.428000+00:00
39.95712373,116.3603223,2025-07-04 11:06:11.420000+00:00
39.95682055,116.3603943,2025-07-04 11:06:43.410000+00:00
39.9568466,116.36029815,2025-07-04 11:07:14.413000+00:00
39.95679935,116.35682243,2025-07-04 11:07:47.417000+00:00
39.9569195,116.35526242,2025-07-04 11:08:21+00:00
39.95955473,116.35510689,2025-07-04 11:08:52.410000+00:00
39.96109746,116.35366904,2025-07-04 11:10:02.428000+00:00
39.96207509,116.35250884,2025-07-04 11:11:05.414000+00:00
39.96249925,116.35181447,2025-07-04 11:11:37.421000+00:00
39.96286986,116.35135076,2025-07-04 11:12:08.410000+00:00
39.96244223,116.35131962,2025-07-04 11:12:40.413000+00:00
39.9630965,116.35075936,2025-07-04 11:13:22.417000+00:00
39.96275009,116.34995472,2025-07-04 11:14:00+00:00
39.96219475,116.35086898,2025-07-04 11:14:32.417000+00:00
39.96076361,116.35103172,2025-07-04 11:15:06+00:00
39.96036859,116.35021694,2025-07-04 11:15:45.418000+00:00
39.96044061,116.35012787,2025-07-04 11:16:22.425000+00:00
39.96043742,116.34991457,2025-07-04 11:18:25+00:00
39.96044964,116.34991265,2025-07-04 11:18:59+00:00
39.960371,116.350014,2025-07-04 11:49:11.334000+00:00
39.960381,116.350036,2025-07-04 13:19:19.199000+00:00
39.9607267,116.35111547,2025-07-04 13:23:02+00:00
39.96284792,116.35140848,2025-07-04 13:24:07.412000+00:00
39.96270108,116.35097452,2025-07-04 13:25:01+00:00
39.9626872,116.35108093,2025-07-04 13:26:24+00:00
39.96252242,116.3517916,2025-07-04 13:41:12.974000+00:00
39.96252187,116.35178898,2025-07-04 13:44:27.420000+00:00
39.96219653,116.35099493,2025-07-04 13:45:04.410000+00:00
39.95986481,116.35109778,2025-07-04 13:45:41.420000+00:00
39.95820271,116.35110999,2025-07-04 13:46:12+00:00
39.9567682,116.35161737,2025-07-04 13:46:47.625000+00:00
39.95652907,116.3491564,2025-07-04 13:47:50.429000+00:00
39.95445393,116.34871266,2025-07-04 13:49:39.422000+00:00
39.95192718,116.34887624,2025-07-04 13:50:15.914000+00:00
39.95067953,116.34893949,2025-07-04 13:50:50.267000+00:00
39.95282497,116.34725879,2025-07-04 13:51:53.891000+00:00
39.95326023,116.34684702,2025-07-04 13:52:24+00:00
39.95188839,116.34819472,2025-07-04 13:52:56.877000+00:00
39.95062291,116.34866826,2025-07-04 13:53:28.195000+00:00
39.94891937,116.34957614,2025-07-04 13:54:36.197000+00:00
39.94753064,116.34986318,2025-07-04 13:55:07+00:00
39.94586174,116.34986782,2025-07-04 13:55:37+00:00
39.94427275,116.34989177,2025-07-04 13:56:07+00:00
39.94276561,116.34964202,2025-07-04 13:56:37.972000+00:00
39.94121086,116.34885693,2025-07-04 13:57:08.923000+00:00
39.93960821,116.34832131,2025-07-04 13:57:44.113000+00:00
39.9392001,116.34647722,2025-07-04 13:58:21.414000+00:00
39.93968085,116.34602541,2025-07-04 13:58:52.416000+00:00
39.93960665,116.34605408,2025-07-04 13:59:24.414000+00:00
39.94098632,116.34580411,2025-07-04 13:59:55.686000+00:00
39.94332279,116.34337407,2025-07-04 14:01:05.759000+00:00
39.94411343,116.34118776,2025-07-04 14:01:41.531000+00:00
39.94515271,116.33784464,2025-07-04 14:02:42+00:00
39.94621335,116.33579261,2025-07-04 14:03:42.118000+00:00
39.94665162,116.33508737,2025-07-04 14:04:14.073000+00:00
39.9465422,116.33508609,2025-07-04 14:04:46.200000+00:00
39.94654319,116.33505154,2025-07-04 14:05:17+00:00
39.946546,116.33476634,2025-07-04 14:05:47+00:00
39.94619013,116.33112513,2025-07-04 14:06:47+00:00
39.94530154,116.3288976,2025-07-04 14:07:47+00:00
39.94520407,116.32741382,2025-07-04 14:08:17+00:00
39.94522407,116.32731381,2025-07-04 14:08:47+00:00
39.9431868,116.32744395,2025-07-04 14:10:17+00:00
39.94292118,116.32609699,2025-07-04 14:10:47+00:00
39.94246564,116.32519215,2025-07-04 14:11:17+00:00
39.94191723,116.32327632,2025-07-04 14:11:47+00:00
39.94109457,116.32152974,2025-07-04 14:12:17+00:00
39.94064599,116.31957887,2025-07-04 14:12:47+00:00
39.94136487,116.31930549,2025-07-04 14:13:17+00:00
39.94216042,116.31922752,2025-07-04 14:13:47+00:00
39.94216193,116.31922026,2025-07-04 14:14:17+00:00
39.94293865,116.31905224,2025-07-04 14:14:47+00:00
39.94524604,116.31877918,2025-07-04 14:15:47+00:00
39.94747271,116.31850165,2025-07-04 14:16:47+00:00
39.94899148,116.31827955,2025-07-04 14:17:17+00:00
39.95023593,116.3181728,2025-07-04 14:17:47+00:00
39.95039967,116.32002326,2025-07-04 14:18:17+00:00
39.95044503,116.32105492,2025-07-04 14:18:47+00:00
39.95047083,116.32108451,2025-07-04 14:19:17+00:00
39.95055534,116.32302667,2025-07-04 14:19:47+00:00
39.95068018,116.32539097,2025-07-04 14:20:17+00:00
39.95018733,116.3263285,2025-07-04 14:20:47+00:00
39.94745058,116.32628391,2025-07-04 14:21:47+00:00
39.94596772,116.32648467,2025-07-04 14:22:17+00:00
39.9458801,116.328177,2025-07-04 14:22:47.384000+00:00
39.94610708,116.3309148,2025-07-04 14:23:18.697000+00:00
39.94632241,116.33407651,2025-07-04 14:23:50.496000+00:00
39.94718516,116.33377169,2025-07-04 14:24:24.361000+00:00
39.94837942,116.33181748,2025-07-04 14:24:55.429000+00:00
39.94994443,116.33044912,2025-07-04 14:25:31.388000+00:00
39.95309703,116.32973243,2025-07-04 14:26:34.701000+00:00
39.95504598,116.32940458,2025-07-04 14:27:06.428000+00:00
39.95646042,116.32921444,2025-07-04 14:27:37+00:00
39.95861731,116.32900772,2025-07-04 14:28:08.416000+00:00
39.96043157,116.32881246,2025-07-04 14:28:38.537000+00:00
39.96073838,116.3301352,2025-07-04 14:29:09+00:00
39.96064121,116.33035083,2025-07-04 14:29:45.425000+00:00
39.96091429,116.33574758,2025-07-04 14:30:58.133000+00:00
39.96103231,116.33679717,2025-07-04 14:31:28.264000+00:00
39.96171579,116.3362592,2025-07-04 14:31:59+00:00
39.96383351,116.33534262,2025-07-04 14:32:33.437000+00:00
39.96393787,116.33573582,2025-07-04 14:33:04+00:00
39.96499543,116.33561884,2025-07-04 14:33:34+00:00
39.9660927,116.33708074,2025-07-04 14:34:06.698000+00:00
39.9661348,116.34171541,2025-07-04 14:34:40.730000+00:00
39.96619064,116.34561823,2025-07-04 14:35:17.096000+00:00
39.96617259,116.34807259,2025-07-04 14:35:47.553000+00:00
39.96611931,116.35125347,2025-07-04 14:36:22.371000+00:00
39.96614565,116.35441551,2025-07-04 14:36:52.738000+00:00
39.96476708,116.35473337,2025-07-04 14:37:23+00:00
39.96376505,116.3542111,2025-07-04 14:37:57+00:00
39.96364488,116.35101453,2025-07-04 14:38:34+00:00
39.96310804,116.35075374,2025-07-04 14:39:07+00:00
39.96317864,116.35035217,2025-07-04 14:39:42+00:00
39.963194,116.350323,2025-07-04 14:46:08.639000+00:00
39.963199,116.350259,2025-07-04 15:09:49.248000+00:00
39.963203,116.350287,2025-07-04 15:17:08.471000+00:00
39.95653357,116.35582185,2025-07-05 10:48:32+00:00
39.95649901,116.35695918,2025-07-05 10:48:42.428000+00:00
39.95652565,116.36049566,2025-07-05 10:49:22.416000+00:00
39.95678208,116.36049845,2025-07-05 10:49:57.421000+00:00
39.9567843,116.36017284,2025-07-05 10:50:30.421000+00:00
39.95697046,116.36053526,2025-07-05 10:51:01.421000+00:00
39.9574367,116.36061592,2025-07-05 10:51:32.420000+00:00
39.95803508,116.3601969,2025-07-05 10:52:14.425000+00:00
39.95795856,116.3596384,2025-07-05 10:52:46.415000+00:00
39.9581439,116.3579104,2025-07-05 10:54:22.419000+00:00
39.95865381,116.35782876,2025-07-05 10:55:08+00:00
39.95824531,116.35841597,2025-07-05 12:50:37.419000+00:00
39.95821816,116.35841832,2025-07-05 12:51:21.415000+00:00
39.95822443,116.3583231,2025-07-05 13:07:47.423000+00:00
39.95788247,116.35864688,2025-07-05 13:22:10.416000+00:00
39.95784384,116.35951865,2025-07-05 13:23:24.420000+00:00
39.95786465,116.35985226,2025-07-05 13:23:56.427000+00:00
39.95789667,116.36022361,2025-07-05 13:24:38.428000+00:00
39.95762415,116.36036661,2025-07-05 13:25:10.421000+00:00
39.95733707,116.36041808,2025-07-05 13:25:42.411000+00:00
39.9569156,116.36039621,2025-07-05 13:26:25.412000+00:00
39.95672785,116.36039055,2025-07-05 13:26:56.426000+00:00
39.95678814,116.36018555,2025-07-05 13:27:29.423000+00:00
39.95673921,116.35896811,2025-07-05 13:28:11.427000+00:00
39.95675073,116.35660846,2025-07-05 13:28:43.411000+00:00
39.95780986,116.35520355,2025-07-05 13:29:15.410000+00:00
39.96063062,116.35510197,2025-07-05 13:29:47.418000+00:00
39.96129647,116.35251986,2025-07-05 13:31:27.415000+00:00
39.96255199,116.35200418,2025-07-05 13:32:00+00:00
39.96276169,116.35133575,2025-07-05 13:32:30.415000+00:00
39.96281827,116.35145409,2025-07-05 13:33:02.413000+00:00
39.96282005,116.35143019,2025-07-05 13:33:34.416000+00:00
39.96242067,116.35177502,2025-07-05 13:47:50.414000+00:00
39.9628508,116.35095622,2025-07-05 13:50:06.415000+00:00
39.9632277,116.3505934,2025-07-05 13:50:41.420000+00:00
39.963233,116.350242,2025-07-05 14:31:31.815000+00:00
39.96354627,116.34998332,2025-07-05 23:19:10.500000+00:00
39.96232851,116.35009812,2025-07-05 23:19:51.489000+00:00
39.962542,116.350049,2025-07-05 23:26:26.732000+00:00
39.962543,116.350047,2025-07-05 23:28:52.044000+00:00
39.96265578,116.35188151,2025-07-05 23:31:30+00:00
39.9625876,116.35196201,2025-07-05 23:32:05.411000+00:00
39.96261049,116.35189253,2025-07-05 23:32:38.427000+00:00
39.96246269,116.35106724,2025-07-05 23:34:21.427000+00:00
39.96377808,116.35273824,2025-07-05 23:35:24.425000+00:00
39.96532141,116.35486015,2025-07-05 23:35:59.413000+00:00
39.96616708,116.35739032,2025-07-05 23:36:35.418000+00:00
39.96612142,116.3613676,2025-07-05 23:37:12.420000+00:00
39.96620273,116.3644298,2025-07-05 23:38:54.423000+00:00
39.96642825,116.36836724,2025-07-05 23:39:26.410000+00:00
39.96648764,116.37257256,2025-07-05 23:39:59.417000+00:00
39.96660401,116.3767267,2025-07-05 23:40:33.425000+00:00
39.96670215,116.38103449,2025-07-05 23:41:06.429000+00:00
39.96682212,116.38532954,2025-07-05 23:41:37.424000+00:00
39.9669564,116.38979855,2025-07-05 23:42:10.422000+00:00
39.96697184,116.38861178,2025-07-05 23:42:40.422000+00:00
39.96952852,116.3884931,2025-07-05 23:43:14.426000+00:00
39.97276115,116.38835092,2025-07-05 23:43:50.428000+00:00
39.97511652,116.3882167,2025-07-05 23:44:21+00:00
39.97691218,116.38867522,2025-07-05 23:45:28.418000+00:00
39.97949109,116.38853535,2025-07-05 23:46:06.422000+00:00
39.97996503,116.38926767,2025-07-05 23:46:39.422000+00:00
39.97983793,116.38948974,2025-07-05 23:47:11.422000+00:00
39.97971125,116.39002156,2025-07-05 23:47:51.423000+00:00
39.97966479,116.38953135,2025-07-05 23:48:28.417000+00:00
39.97969718,116.38953291,2025-07-05 23:49:16.424000+00:00
39.97961733,116.38956982,2025-07-06 00:06:02.367000+00:00
39.9799569,116.38930359,2025-07-06 02:26:32.414000+00:00
39.98107668,116.38749725,2025-07-06 02:27:46.429000+00:00
39.9809249,116.38695435,2025-07-06 02:28:51.413000+00:00
39.9812693,116.38492162,2025-07-06 02:29:23.413000+00:00
39.98125248,116.38280879,2025-07-06 02:29:55.417000+00:00
39.98119314,116.38127168,2025-07-06 02:30:26+00:00
39.98115519,116.38126398,2025-07-06 02:31:00.413000+00:00
39.98069928,116.38139207,2025-07-06 02:31:31+00:00
39.97848405,116.38151179,2025-07-06 02:32:04.414000+00:00
39.9759692,116.38162245,2025-07-06 02:32:38.415000+00:00
39.97218984,116.38177524,2025-07-06 02:35:35.428000+00:00
39.97161822,116.38172857,2025-07-06 02:36:06+00:00
39.97025941,116.38177545,2025-07-06 02:36:36+00:00
39.96892725,116.38176282,2025-07-06 02:37:06+00:00
39.96724652,116.381779,2025-07-06 02:37:42.762000+00:00
39.96718614,116.37961557,2025-07-06 02:38:14.621000+00:00
39.96722413,116.37701469,2025-07-06 02:38:47.972000+00:00
39.96704286,116.37493406,2025-07-06 02:39:21.207000+00:00
39.9669588,116.37065855,2025-07-06 02:40:26.411000+00:00
39.96692027,116.36644561,2025-07-06 02:41:30.614000+00:00
39.96672993,116.36207307,2025-07-06 02:43:07+00:00
39.96674317,116.35810621,2025-07-06 02:43:44.947000+00:00
39.96656666,116.35503809,2025-07-06 02:44:20.056000+00:00
39.96611642,116.35339232,2025-07-06 02:44:53.101000+00:00
39.96612248,116.35317485,2025-07-06 02:45:23.682000+00:00
39.96377591,116.35395577,2025-07-06 02:46:27.314000+00:00
39.96364709,116.35114725,2025-07-06 02:47:04+00:00
39.96315882,116.35019182,2025-07-06 02:47:36+00:00
39.96322164,116.35036896,2025-07-06 02:48:07+00:00
39.9632188,116.35038072,2025-07-06 02:48:38.416000+00:00
39.963218,116.35029,2025-07-06 03:00:24.352000+00:00
39.96330562,116.35077271,2025-07-06 03:24:15+00:00
39.96516525,116.34874093,2025-07-06 03:25:19.418000+00:00
39.96717565,116.34869255,2025-07-06 03:25:54.410000+00:00
39.96658317,116.34850722,2025-07-06 03:26:27.410000+00:00
39.96658248,116.34525642,2025-07-06 03:27:03.418000+00:00
39.9665961,116.34131047,2025-07-06 03:27:42.420000+00:00
39.96658497,116.33794468,2025-07-06 03:28:13+00:00
39.96657317,116.33483382,2025-07-06 03:28:43+00:00
39.96650733,116.33319737,2025-07-06 03:29:20.423000+00:00
39.96617182,116.33310697,2025-07-06 03:29:51.419000+00:00
39.96330083,116.33389086,2025-07-06 03:30:24.415000+00:00
39.96255197,116.33439851,2025-07-06 03:31:03.429000+00:00
39.96266643,116.33347634,2025-07-06 03:34:11.427000+00:00
39.962744,116.333543,2025-07-06 03:35:40.307000+00:00
39.962759,116.333537,2025-07-06 03:36:17.144000+00:00
39.962744,116.333543,2025-07-06 03:46:13.762000+00:00
39.962761,116.333982,2025-07-06 04:07:45.593000+00:00
39.96256623,116.33471304,2025-07-06 04:08:33+00:00
39.96255005,116.33436622,2025-07-06 04:09:03+00:00
39.96258515,116.33440071,2025-07-06 04:09:33+00:00
39.96240735,116.33436402,2025-07-06 04:10:03+00:00
39.96128709,116.33424815,2025-07-06 04:10:33+00:00
39.96075911,116.33103824,2025-07-06 04:11:33+00:00
39.9607151,116.3301552,2025-07-06 04:12:03+00:00
39.96043887,116.32842786,2025-07-06 04:12:34.421000+00:00
39.95855111,116.32864899,2025-07-06 04:13:09.054000+00:00
39.9574202,116.32873747,2025-07-06 04:13:40+00:00
39.95544624,116.32903946,2025-07-06 04:14:10+00:00
39.95326851,116.32933645,2025-07-06 04:14:40+00:00
39.95121582,116.32963575,2025-07-06 04:15:10+00:00
39.9511286,116.32964604,2025-07-06 04:15:40+00:00
39.95085866,116.32976116,2025-07-06 04:16:10+00:00
39.94901519,116.33074314,2025-07-06 04:16:40+00:00
39.94750582,116.33261276,2025-07-06 04:17:10+00:00
39.94660484,116.33424723,2025-07-06 04:17:40+00:00
39.94650478,116.33559922,2025-07-06 04:18:11+00:00
39.94650496,116.33561607,2025-07-06 04:18:41+00:00
39.94707511,116.33684989,2025-07-06 04:19:18.426000+00:00
39.94822007,116.34012149,2025-07-06 04:20:22.843000+00:00
39.94820798,116.33997923,2025-07-06 04:21:30.414000+00:00
39.94820432,116.33997262,2025-07-06 04:22:09.421000+00:00
39.94824016,116.34026828,2025-07-06 04:22:48.418000+00:00
39.94868307,116.34215351,2025-07-06 04:23:20.416000+00:00
39.95012199,116.34201379,2025-07-06 04:23:53.423000+00:00
39.95218605,116.34145997,2025-07-06 04:24:26.424000+00:00
39.95423649,116.34086387,2025-07-06 04:25:01.423000+00:00
39.95612544,116.34031678,2025-07-06 04:25:38.426000+00:00
39.95669703,116.3410919,2025-07-06 04:26:11.413000+00:00
39.95665893,116.34337731,2025-07-06 04:26:42.426000+00:00
39.95662749,116.34639061,2025-07-06 04:27:18.429000+00:00
39.95655375,116.34916474,2025-07-06 04:28:24+00:00
39.95646847,116.35142846,2025-07-06 04:28:54.410000+00:00
39.95678535,116.3517168,2025-07-06 04:29:27.412000+00:00
39.95744793,116.35111847,2025-07-06 04:29:59.421000+00:00
39.95870482,116.35110512,2025-07-06 04:30:31.415000+00:00
39.96007098,116.35113718,2025-07-06 04:31:02.412000+00:00
39.9603139,116.3493594,2025-07-06 04:31:41.416000+00:00
39.96285081,116.35027722,2025-07-06 04:33:13+00:00
39.96294108,116.34991264,2025-07-06 04:34:15.416000+00:00
39.96324187,116.35025368,2025-07-06 04:34:55+00:00
39.963209,116.350329,2025-07-06 04:38:59.903000+00:00
39.963222,116.350262,2025-07-06 04:48:11.217000+00:00
39.96322,116.350308,2025-07-06 04:52:54.908000+00:00
